{
  "\n": 5,
  "\r": 4,
  " ": 0,
  "!": 83,
  "\"": 2,
  "#": 73,
  "%": 18,
  "&": 92,
  "'": 58,
  "(": 62,
  ")": 69,
  "*": 88,
  "+": 75,
  ",": 44,
  "-": 30,
  ".": 47,
  "/": 3,
  "0": 35,
  "1": 34,
  "2": 1,
  "3": 28,
  "4": 25,
  "5": 42,
  "6": 45,
  "7": 31,
  "8": 40,
  "9": 43,
  ":": 14,
  ";": 93,
  "<": 79,
  "=": 63,
  ">": 68,
  "?": 90,
  "@": 89,
  "A": 8,
  "B": 13,
  "C": 38,
  "D": 15,
  "E": 26,
  "F": 24,
  "G": 12,
  "H": 66,
  "I": 67,
  "J": 76,
  "K": 49,
  "L": 53,
  "M": 41,
  "N": 54,
  "O": 74,
  "P": 52,
  "Q": 81,
  "R": 64,
  "S": 46,
  "T": 48,
  "U": 86,
  "V": 82,
  "W": 77,
  "X": 51,
  "Y": 85,
  "Z": 84,
  "[": 61,
  "\\": 55,
  "]": 56,
  "^": 59,
  "_": 71,
  "a": 9,
  "b": 20,
  "c": 11,
  "d": 10,
  "e": 7,
  "f": 17,
  "g": 23,
  "h": 36,
  "i": 22,
  "j": 80,
  "k": 72,
  "l": 37,
  "m": 21,
  "n": 27,
  "o": 33,
  "p": 50,
  "q": 78,
  "r": 19,
  "s": 29,
  "t": 16,
  "u": 32,
  "v": 39,
  "w": 70,
  "x": 60,
  "y": 65,
  "z": 57,
  "{": 94,
  "|": 6,
  "}": 95,
  "~": 91,
  "\u0081": 87
}